Position,ERP Doce,Product / SKU,Packaging Supplier,Manufactured in UK,Imported to UK,Sales Region(s),Functionality,Industry Application,Industry Sub-Application,Form Description,Capacity/Volume (ml),Material 1 Descr,Material 1 Cat,Material 1 Weight per Unit in Grams,Material 1 % Recycled Content,Material 1 Recycled Content Type,Material 2 Descr,Material 2 Cat,Material 2 Weight per Unit in Grams,Material 2 % Recycled Content,Material 2 Recycled Content Type,Material 3 Descr,Material 3 Cat,Material 3 Weight per Unit in Grams,Material 3 % Recycled Content,Material 3 Recycled Content Type,Material n Descr,Material n Cat,Material n Weight per Unit in Grams,Material n % Recycled Content,Material n Recycled Content Type,Recyclability,Special End of Life,Hazardous Substances (CoC Score),Imported/Manufactured,Units Sold,Units Distributed as Samples,Units Expired/Rejected Product
1,CHR014V,CHR014V : CHRISTMAS SPICE DIFFUSER 100ML,Jennifer,No,Yes,United Kingdom,Single use by the consumer,Foodservice,Other,Bottle,50,PET,Plastics,12,0.77,Post-Consumer (PCR),EVOH Barrier,Plastics,1.2,0,,,,,,,,,,,,,,,40109,36098,2005,401
2,CHR07V,CHR07V : Touched by a Kiss,Jennifer,No,Yes,United Kingdom,Single use by the consumer,Beauty & Fragrances,Other,Bottle,14,PP,Plastics,7,0.03,Post-Consumer (PCR),,,,,,,,,,,,,,,,,,,1248,1123,62,12
3,CHR08V,CHR08V : Luscious Lengths,John,No,Yes,United Kingdom,Use in the supply chain,Personal Care,Other,Bottle,391,PVC,Plastics,16,0.37,Post-Consumer (PCR),,,,,,,,,,,,,,,,,,,6004,5404,300,60
4,CHR09V,CHR09V : Invigorating Soap,Mike,No,Yes,Abroad,Single use by the consumer,Personal Care,Other,Bottle,36,PS,Plastics,15,0.49,Post-Consumer (PCR),,,,,,,,,,,,,,,,,,,18432,16589,922,184
5,CHRBAT,CHRBAT : BATHE - LUXURY BATH OILS,Jennifer,No,Yes,United Kingdom,Use in the supply chain,Personal Care,Other,Bottle,68,PET,Plastics,21,0.3,Post-Consumer (PCR),EVOH Barrier,Plastics,2.1,0,,,,,,,,,,,,,,,46717,42045,2336,467
6,CHRMOI,CHRMOI : MOISTURE - HYDRATING SKIN DUO,Jennifer,Yes,No,Abroad,Use in the supply chain,Personal Care,Other,Bottle,137,PET,Plastics,5,0.71,Post-Consumer (PCR),Kraft Paper,Paper and board,4,0.3,Post-Consumer (PCR),Aluminium Layer,Aluminium,2,0,,,,,,,,,,95994,86395,4800,960
7,CHRREV,CHRREV - REVEAL - CLEANSE & MOISTURE FACIAL SET,John,No,Yes,Abroad,Use in the supply chain,Personal Care,Other,Bottle,228,PET,Plastics,15,0.18,Post-Consumer (PCR),Kraft Paper,Paper and board,12,0.3,Post-Consumer (PCR),,,,,,,,,,,,,,62229,56006,3111,622
8,CHRTOU,CHRTOU : TOUCH - BODY WASH INFUSIONS,Lilly,Yes,No,United Kingdom,Single use by the consumer,Personal Care,Other,Bottle,375,PET,Plastics,18,0.86,Post-Consumer (PCR),Kraft Paper,Paper and board,14.4,0.3,Post-Consumer (PCR),Aluminium Layer,Aluminium,2,0,,,,,,,,,,80788,72709,4039,808
9,EK3072,EK3072: VOYA TRANQUILITY CONDITIONER 30ML,Lilly,Yes,No,United Kingdom,Use in the supply chain,Personal Care,Other,Bottle,354,PET,Plastics,9,0.04,Post-Consumer (PCR),Kraft Paper,Paper and board,7.2,0.3,Post-Consumer (PCR),,,,,,,,,,,,,,53438,48094,2672,534
10,EK3073,EK3073: VOYA TRANQUILITY BODY WASH 30ML,Lilly,No,Yes,Abroad,Use in the supply chain,Personal Care,Other,Bottle,16,PET,Plastics,15,0.49,Post-Consumer (PCR),Kraft Paper,Paper and board,12,0,,,,,,,,,,,,,,,59768,53791,2988,598
11,EK3074,EK3074: VOYA TRANQUILITY CLEANSER 30ML,Mike,No,Yes,United Kingdom,Single use by the consumer,Personal Care,Other,Bottle,468,PET,Plastics,6,0.21,Post-Consumer (PCR),Kraft Paper,Paper and board,4.8,0,,,,,,,,,,,,,,,93993,84594,4700,940
12,EK3075,EK3075: VOYA TRANQUILITY BODY MOISTURISER 30ML,Jennifer,Yes,No,Abroad,Single use by the consumer,Licenced Human Medicines,Other,Bottle,378,PET,Plastics,27,0.35,Post-Consumer (PCR),Kraft Paper,Paper and board,21.6,0,,,,,,,,,,,,,,,96044,86440,4802,960
13,EK3076,EK3076: VOYA REVITALISE SHAMPOO 30ML,Lilly,Yes,No,United Kingdom,Single use by the consumer,Beauty & Fragrances,Other,Bottle,234,PET,Plastics,21,0.2,Post-Consumer (PCR),Kraft Paper,Paper and board,16.8,0.5,Post-Consumer (PCR),,,,,,,,,,,,,,67194,60475,3360,672
14,EK3077,EK3077: VOYA REVITALISE CONDITIONER 30ML,Mike,No,Yes,Abroad,Single use by the consumer,Beauty & Fragrances,Other,Bottle,258,PET,Plastics,22,0.08,Post-Consumer (PCR),Kraft Paper,Paper and board,17.6,0,,,,,,,,,,,,,,,13717,12345,686,137
15,EK3078,EK3078: VOYA REVITALISE BODY WASH 30ML,Lilly,No,Yes,United Kingdom,Single use by the consumer,Beauty & Fragrances,Other,Bottle,94,PET,Plastics,12,0.37,Post-Consumer (PCR),EVOH Barrier,Plastics,1.2,0,,,,,,,,,,,,,,,32290,29061,1615,323
16,EK3079,EK3079: VOYA REVITALISE CLEANSER 30ML,Robert,Yes,No,United Kingdom,Use in the supply chain,Beauty & Fragrances,Other,Bottle,64,PET,Plastics,14,0.95,Post-Consumer (PCR),EVOH Barrier,Plastics,1.4,0,,,,,,,,,,,,,,,27880,25092,1394,279
17,EK3080,EK3080: VOYA REVITALISE BODY MOISTURISER 30ML,Lilly,Yes,No,United Kingdom,Single use by the consumer,Beauty & Fragrances,Other,Bottle,255,PET,Plastics,27,0.46,Post-Consumer (PCR),EVOH Barrier,Plastics,2.7,0,,,,,,,,,,,,,,,51504,46354,2575,515
18,EK3081,EK3081: VOYA HAND WASH 200ML,Jennifer,No,Yes,Abroad,Use in the supply chain,Beauty & Fragrances,Other,Bottle,301,PET,Plastics,21,0.51,Post-Consumer (PCR),EVOH Barrier,Plastics,2.1,0,,,,,,,,,,,,,,,177,159,9,2
19,EK3083,EK3083: VOYA HAND SOAP 20G,Mike,Yes,No,United Kingdom,Single use by the consumer,Beauty & Fragrances,Other,Bottle,21,PET,Plastics,17,0.76,Post-Consumer (PCR),EVOH Barrier,Plastics,1.7,0,,,,,,,,,,,,,,,52927,47634,2646,529
20,EK3085,EK3085: VOYA TRANQUILITY SHAMPOO 30ML,Lilly,No,Yes,Abroad,Use in the supply chain,Beauty & Fragrances,Other,Bottle,286,PET,Plastics,17,0.03,Post-Consumer (PCR),EVOH Barrier,Plastics,1.7,0,,,,,,,,,,,,,,,60131,54118,3007,601
21,HOT0002V,HOT0002V : 50ml Body Moisturiser,Lilly,Yes,No,United Kingdom,Use in the supply chain,Beauty & Fragrances,Other,Bottle,472,PET,Plastics,16,0.53,Post-Consumer (PCR),EVOH Barrier,Plastics,1.6,0,,,,,,,,,,,,,,,51573,46416,2579,516
22,HOT0003V,HOT0003V : 50ml Body Wash,Lilly,No,Yes,Abroad,Use in the supply chain,Beauty & Fragrances,Other,Bottle,217,PET,Plastics,9,0.05,Post-Consumer (PCR),EVOH Barrier,Plastics,0.9,0,,,,,,,,,,,,,,,17432,15689,872,174
23,HOT0004V,HOT0004V : 50ml Conditioner,Lilly,No,Yes,Abroad,Single use by the consumer,Beauty & Fragrances,Other,Bottle,432,PET,Plastics,21,0.19,Post-Consumer (PCR),EVOH Barrier,Plastics,2.1,0,,,,,,,,,,,,,,,29782,26804,1489,298
24,HOT0005V,HOT0005V : 50ml Shampoo,Lilly,Yes,No,United Kingdom,Single use by the consumer,Beauty & Fragrances,Other,Bottle,165,PET,Plastics,17,0.19,Post-Consumer (PCR),EVOH Barrier,Plastics,1.7,0,,,,,,,,,,,,,,,13912,12521,696,139
25,HOT0006V,HOT0006V : Softly Does It - Hydrating Body Lotion 5000ml,Robert,No,Yes,Abroad,Use in the supply chain,Beauty & Fragrances,Other,Bottle,366,PET,Plastics,13,0.79,Post-Consumer (PCR),EVOH Barrier,Plastics,1.3,0,,,,,,,,,,,,,,,43388,39049,2169,434
26,HOT0007V,HOT0007V : Squeaky Clean - Invigorating Body Wash 5000ml,John,No,Yes,Abroad,Use in the supply chain,Licenced Human Medicines,Other,Bottle,243,PET,Plastics,11,0.2,Post-Consumer (PCR),EVOH Barrier,Plastics,1.1,0,,,,,,,,,,,,,,,28390,25551,1420,284
27,HOT0008V,HOT0008V : Clean Me Up - Gentle Hand Wash 5000ml,Robert,Yes,No,Abroad,Use in the supply chain,Beauty & Fragrances,Other,Bottle,300,PET,Plastics,20,0.35,Post-Consumer (PCR),EVOH Barrier,Plastics,2,0,,,,,,,,,,,,,,,78169,70352,3908,782
28,HOT0009V,HOT0009V : Silky By Nature - Nourishing Shampoo 5000ml,Mike,Yes,No,United Kingdom,Single use by the consumer,Beauty & Fragrances,Other,Bottle,352,PET,Plastics,25,0.38,Post-Consumer (PCR),EVOH Barrier,Plastics,2.5,0,,,,,,,,,,,,,,,69557,62601,3478,696
29,HOT0010V,HOT0010V : Forget Me Knot - Smoothening Conditioner 5000ml,John,Yes,No,Abroad,Use in the supply chain,Beauty & Fragrances,Other,Bottle,474,PET,Plastics,21,0.25,Post-Consumer (PCR),EVOH Barrier,Plastics,2.1,0,,,,,,,,,,,,,,,14808,13327,740,148
30,HOT0012V,HOT0012V : 30ml Body Moisturiser,Jennifer,Yes,No,United Kingdom,Single use by the consumer,Beauty & Fragrances,Other,Bottle,87,PET,Plastics,1,0.55,Post-Consumer (PCR),EVOH Barrier,Plastics,0.1,0,,,,,,,,,,,,,,,27072,24365,1354,271
31,HOT0013V,HOT0013V : 30ml Body Wash,Jennifer,No,Yes,United Kingdom,Single use by the consumer,Beauty & Fragrances,Other,Bottle,458,PET,Plastics,4,0.68,Post-Consumer (PCR),EVOH Barrier,Plastics,0.4,0,,,,,,,,,,,,,,,54529,49076,2726,545
32,HOT0014V,HOT0014V : 30ml Conditioner,John,No,Yes,United Kingdom,Single use by the consumer,Beauty & Fragrances,Other,Bottle,382,PET,Plastics,22,0.89,Post-Consumer (PCR),EVOH Barrier,Plastics,2.2,0,,,,,,,,,,,,,,,18712,16841,936,187
33,HOT0015V,HOT0015V : 30ml Shampoo,Jennifer,Yes,No,Abroad,Single use by the consumer,Beauty & Fragrances,Other,Bottle,486,PET,Plastics,11,0.63,Post-Consumer (PCR),EVOH Barrier,Plastics,1.1,0,,,,,,,,,,,,,,,22661,20395,1133,227
34,HOT0016V,HOT0016V : 30G BOXED SOAP PEPPERMINT,Jennifer,No,Yes,United Kingdom,Use in the supply chain,Beauty & Fragrances,Other,Bottle,156,PET,Plastics,19,0.61,Post-Consumer (PCR),EVOH Barrier,Plastics,1.9,0,,,,,,,,,,,,,,,80478,72430,4024,805
35,HOT0022P,HOT0022P : *NEW* 300ml Body & Hand Moisturiser (PCR),John,Yes,No,Abroad,Single use by the consumer,Beauty & Fragrances,Other,Bottle,278,PET,Plastics,28,0.22,Post-Consumer (PCR),EVOH Barrier,Plastics,2.8,0,,,,,,,,,,,,,,,66293,59664,3315,663
36,HOT0022V,HOT0022V : *NEW* 300ml Body & Hand Moisturiser,Mike,Yes,No,United Kingdom,Use in the supply chain,Beauty & Fragrances,Other,Bottle,45,PET,Plastics,22,0.66,Post-Consumer (PCR),EVOH Barrier,Plastics,2.2,0,,,,,,,,,,,,,,,19693,17724,985,197
37,HOT0023P,HOT0023P : *NEW* 300ml Body & Hand Wash (PCR),Mike,No,Yes,United Kingdom,Use in the supply chain,Beauty & Fragrances,Other,Bottle,346,PET,Plastics,6,0.54,Post-Consumer (PCR),EVOH Barrier,Plastics,0.6,0,,,,,,,,,,,,,,,34042,30638,1702,340
38,HOT0023V,HOT0023V : *NEW* 300ml Body & Hand Wash,Jennifer,No,Yes,Abroad,Use in the supply chain,Beauty & Fragrances,Other,Bottle,144,PET,Plastics,25,0.99,Post-Consumer (PCR),EVOH Barrier,Plastics,2.5,0,,,,,,,,,,,,,,,50252,45227,2513,503
39,HOT0024P,HOT0024P : *NEW* 300ml Conditioner (PCR),Robert,No,Yes,United Kingdom,Use in the supply chain,Licenced Human Medicines,Other,Bottle,490,PET,Plastics,28,0.28,Post-Consumer (PCR),EVOH Barrier,Plastics,2.8,0,,,,,,,,,,,,,,,11477,10329,574,115
40,HOT0024V,HOT0024V : *NEW* 300ml Conditioner,Robert,Yes,No,United Kingdom,Use in the supply chain,Personal Care,Other,Bottle,306,PET,Plastics,25,0.71,Post-Consumer (PCR),EVOH Barrier,Plastics,2.5,0,,,,,,,,,,,,,,,80075,72068,4004,801
41,HOT0025P,HOT0025P : *NEW* 300ml Shampoo (PCR),John,No,Yes,United Kingdom,Use in the supply chain,Personal Care,Other,Bottle,251,PET,Plastics,23,0.7,Post-Consumer (PCR),EVOH Barrier,Plastics,2.3,0,,,,,,,,,,,,,,,52269,47042,2613,523
42,HOT0025V,HOT0025V : *NEW* 300ml Shampoo,Robert,No,Yes,United Kingdom,Single use by the consumer,Personal Care,Other,Bottle,437,PET,Plastics,23,0.93,Post-Consumer (PCR),EVOH Barrier,Plastics,2.3,0,,,,,,,,,,,,,,,38463,34617,1923,385
43,HOT002P,HOT002P : *NEW* 50ml Body Moisturiser (PCR),Jennifer,No,Yes,Abroad,Use in the supply chain,Personal Care,Other,Bottle,28,PET,Plastics,6,0.77,Post-Consumer (PCR),EVOH Barrier,Plastics,0.6,0,,,,,,,,,,,,,,,11407,10266,570,114
44,HOT002V,HOT002V : *NEW* 50ml Body Moisturiser,Robert,No,Yes,Abroad,Single use by the consumer,Personal Care,Other,Bottle,346,PET,Plastics,14,0.81,Post-Consumer (PCR),EVOH Barrier,Plastics,1.4,0,,,,,,,,,,,,,,,44508,40057,2225,445
45,HOT003P,HOT003P : *NEW* 50ml Body Wash (PCR),Robert,Yes,No,United Kingdom,Use in the supply chain,Personal Care,Other,Bottle,360,PET,Plastics,23,0.62,Post-Consumer (PCR),EVOH Barrier,Plastics,2.3,0,,,,,,,,,,,,,,,48383,43545,2419,484
46,HOT003V,HOT003V : *NEW* 50ml Body Wash,Jennifer,Yes,No,Abroad,Use in the supply chain,Personal Care,Other,Bottle,29,PET,Plastics,2,0.84,Post-Consumer (PCR),EVOH Barrier,Plastics,0.2,0,,,,,,,,,,,,,,,94920,85428,4746,949
47,HOT004P,HOT004P : *NEW* 50ml Conditioner (PCR),John,No,Yes,United Kingdom,Use in the supply chain,Personal Care,Other,Bottle,423,PET,Plastics,1,0.66,Post-Consumer (PCR),EVOH Barrier,Plastics,0.1,0,,,,,,,,,,,,,,,21962,19766,1098,220
48,HOT004V,HOT004V : *NEW* 50ml Conditioner,Lilly,No,Yes,Abroad,Use in the supply chain,Personal Care,Other,Bottle,289,PET,Plastics,10,0.33,Post-Consumer (PCR),EVOH Barrier,Plastics,1,0,,,,,,,,,,,,,,,22848,20563,1142,228
49,HOT005P,HOT005P : *NEW* 50ml Shampoo (PCR),Lilly,No,Yes,Abroad,Single use by the consumer,Personal Care,Other,Bottle,32,PET,Plastics,15,0.26,Post-Consumer (PCR),EVOH Barrier,Plastics,1.5,0,,,,,,,,,,,,,,,67591,60832,3380,676
50,HOT005V,HOT005V : *NEW* 50ml Shampoo,John,No,Yes,United Kingdom,Single use by the consumer,Personal Care,Other,Bottle,14,PET,Plastics,7,0.67,Post-Consumer (PCR),EVOH Barrier,Plastics,0.7,0,,,,,,,,,,,,,,,69611,62650,3481,696
51,HOT011V,HOT011V : 30gr Pleat Wrapped Soap,Mike,No,Yes,United Kingdom,Use in the supply chain,Personal Care,Other,Bottle,252,PET,Plastics,12,0.08,Post-Consumer (PCR),EVOH Barrier,Plastics,1.2,0,,,,,,,,,,,,,,,8806,7925,440,88
52,HOT012P,HOT012P : *NEW* 30ml Body Moisturiser (PCR),Jennifer,Yes,No,Abroad,Single use by the consumer,Personal Care,Other,Bottle,152,PET,Plastics,20,0.36,Post-Consumer (PCR),EVOH Barrier,Plastics,2,0,,,,,,,,,,,,,,,53989,48590,2699,540
53,HOT012V,HOT012V : *NEW* 30ml Body Moisturiser,Mike,Yes,No,Abroad,Single use by the consumer,Licenced Human Medicines,Other,Bottle,496,PET,Plastics,29,0.17,Post-Consumer (PCR),EVOH Barrier,Plastics,2.9,0,,,,,,,,,,,,,,,56740,51066,2837,567
54,HOT013P,HOT013P : *NEW* 30ml Body Wash (PCR),John,No,Yes,Abroad,Single use by the consumer,Personal Care,Other,Bottle,376,PET,Plastics,23,0.26,Post-Consumer (PCR),EVOH Barrier,Plastics,2.3,0,,,,,,,,,,,,,,,93189,83870,4659,932
55,HOT013V,HOT013V : *NEW* 30ml Body Wash,Mike,No,Yes,United Kingdom,Single use by the consumer,Personal Care,Other,Bottle,469,PET,Plastics,12,0.27,Post-Consumer (PCR),EVOH Barrier,Plastics,1.2,0,,,,,,,,,,,,,,,50314,45283,2516,503
56,HOT014P,HOT014P : *NEW* 30ml Conditioner (PCR),Mike,No,Yes,Abroad,Use in the supply chain,Personal Care,Other,Bottle,455,PET,Plastics,24,0.84,Post-Consumer (PCR),EVOH Barrier,Plastics,2.4,0,,,,,,,,,,,,,,,64135,57722,3207,641
57,HOT014V,HOT014V : *NEW* 30ml Conditioner,John,Yes,No,United Kingdom,Single use by the consumer,Personal Care,Other,Bottle,42,PET,Plastics,3,0,,EVOH Barrier,Plastics,0.3,0,,,,,,,,,,,,,,,63672,57305,3184,637
58,HOT015P,HOT015P : *NEW* 30ml Shampoo (PCR),Robert,No,Yes,Abroad,Use in the supply chain,Personal Care,Other,Jar,104,PET,Plastics,14,0.27,Pre-Consumer (PIR),EVOH Barrier,Plastics,1.4,0,,,,,,,,,,,,,,,20846,18761,1042,208
59,HOT015V,HOT015V : *NEW* 30ml Shampoo,Mike,No,Yes,United Kingdom,Use in the supply chain,Personal Care,Other,Jar,74,PET,Plastics,20,0.09,Pre-Consumer (PIR),EVOH Barrier,Plastics,2,0,,,,,,,,,,,,,,,88226,79403,4411,882
60,HOT022V,HOT022V : 295ml Body and Hand Moisturiser,Jennifer,No,Yes,Abroad,Single use by the consumer,Personal Care,Other,Jar,296,PET,Plastics,8,0.54,Pre-Consumer (PIR),EVOH Barrier,Plastics,0.8,0,,,,,,,,,,,,,,,44743,40269,2237,447
61,HOT023V,HOT023V : 295ml Body and Hand Wash,Jennifer,No,Yes,United Kingdom,Use in the supply chain,Personal Care,Other,Jar,7,PET,Plastics,24,0.59,Pre-Consumer (PIR),EVOH Barrier,Plastics,2.4,0,,,,,,,,,,,,,,,92222,83000,4611,922
62,HOT024V,HOT024V : 295ml Conditioner,John,No,Yes,United Kingdom,Single use by the consumer,Personal Care,Other,Jar,197,PET,Plastics,13,0.85,Pre-Consumer (PIR),EVOH Barrier,Plastics,1.3,0,,,,,,,,,,,,,,,80508,72457,4025,805
63,HOT025V,HOT025V : 295ml Shampoo,Lilly,Yes,No,United Kingdom,Single use by the consumer,Personal Care,Other,Jar,55,PET,Plastics,22,0.1,Pre-Consumer (PIR),EVOH Barrier,Plastics,2.2,0,,,,,,,,,,,,,,,80569,72512,4028,806
64,HOT026V,HOT026V : 295ml Hand Wash,Lilly,Yes,No,Abroad,Single use by the consumer,Licenced Human Medicines,Other,Jar,493,PET,Plastics,6,0.96,Pre-Consumer (PIR),EVOH Barrier,Plastics,0.6,0,,,,,,,,,,,,,,,45036,40532,2252,450
65,HOT032V,HOT032V : 3000ml Body and Hand Moisturiser,Jennifer,Yes,No,United Kingdom,Use in the supply chain,Personal Care,Other,Jar,222,PET,Plastics,26,0.32,Pre-Consumer (PIR),EVOH Barrier,Plastics,2.6,0,,,,,,,,,,,,,,,57672,51905,2884,577
66,HOT033V,HOT033V : 3000ml Body and Hand Wash,Lilly,Yes,No,Abroad,Single use by the consumer,Personal Care,Other,Jar,332,PET,Plastics,3,0.91,Pre-Consumer (PIR),EVOH Barrier,Plastics,0.3,0,,,,,,,,,,,,,,,24953,22458,1248,250
67,HOT034V,HOT034V : 3000ml Conditioner,Mike,Yes,No,United Kingdom,Single use by the consumer,Personal Care,Other,Jar,314,PET,Plastics,26,0.74,Pre-Consumer (PIR),EVOH Barrier,Plastics,2.6,0,,,,,,,,,,,,,,,23948,21553,1197,239
68,HOT035V,HOT035V : 3000ml Shampoo,Robert,No,Yes,United Kingdom,Single use by the consumer,Personal Care,Other,Jar,197,PET,Plastics,4,0.23,Pre-Consumer (PIR),EVOH Barrier,Plastics,0.4,0,,,,,,,,,,,,,,,46700,42030,2335,467
69,HOT1007V,HOT1007V : Bath Elixir 50ml,Robert,Yes,No,Abroad,Single use by the consumer,Personal Care,Other,Jar,418,PET,Plastics,23,0.35,Pre-Consumer (PIR),EVOH Barrier,Plastics,2.3,0,,,,,,,,,,,,,,,76622,68960,3831,766
70,HOT1008V,HOT1008V : Bath Salts 50gr,Mike,No,Yes,Abroad,Single use by the consumer,Personal Care,Other,Jar,428,PET,Plastics,28,0.1,Pre-Consumer (PIR),EVOH Barrier,Plastics,2.8,0,,,,,,,,,,,,,,,99294,89365,4965,993
71,HOT107V,HOT107V : *NEW* Bath Elixir 50ml,Robert,No,Yes,Abroad,Single use by the consumer,Personal Care,Other,Jar,439,PET,Plastics,29,0.47,Pre-Consumer (PIR),EVOH Barrier,Plastics,2.9,0,,,,,,,,,,,,,,,3048,2743,152,30
72,RET0001V,RET0001V : Softly Does It - Hydrating Org Body Lotion 200ml,Lilly,No,Yes,United Kingdom,Use in the supply chain,Personal Care,Other,Jar,59,PET,Plastics,8,0.39,Pre-Consumer (PIR),EVOH Barrier,Plastics,0.8,0,,,,,,,,,,,,,,,64281,57853,3214,643
73,RET0002V,RET0002V : Squeaky Clean - Invigorating Body Wash 200ml,Robert,Yes,No,Abroad,Use in the supply chain,Personal Care,Other,Jar,100,PET,Plastics,21,0.98,Pre-Consumer (PIR),EVOH Barrier,Plastics,2.1,0,,,,,,,,,,,,,,,42517,38265,2126,425
74,RET0007V,RET0007V : Silky By Nature - Nourishing Shampoo 200ml,Mike,Yes,No,Abroad,Single use by the consumer,Personal Care,Other,Jar,452,PET,Plastics,9,0.85,Pre-Consumer (PIR),EVOH Barrier,Plastics,0.9,0,,,,,,,,,,,,,,,182,164,9,2
75,RET0008V,RET0008V : Forget Me Knot - Smoothening Conditioner 200ml,Jennifer,No,Yes,United Kingdom,Use in the supply chain,Personal Care,Other,Jar,106,PP,Plastics,2,0.4,Pre-Consumer (PIR),Kraft Paper,Paper and board,1.6,0.3,Post-Consumer (PCR),,,,,,,,,,,,,,94045,84641,4702,940
76,RET0011V,RET0011V : Body Gift Set : Squeaky Clean & Softly Does It,Robert,No,Yes,United Kingdom,Use in the supply chain,Personal Care,Other,Jar,246,PP,Plastics,30,0.67,Pre-Consumer (PIR),Kraft Paper,Paper and board,24,0.3,Post-Consumer (PCR),Aluminium Layer,Aluminium,2,0,,,,,,,,,,93793,84414,4690,938
77,RET0012V,RET0012V : Hair Gift Set : Silky By Nature & Forget Me Knot,Mike,No,Yes,United Kingdom,Single use by the consumer,Licenced Human Medicines,Other,Cap / Closure / Lid,454,PP,Plastics,8,0.55,Pre-Consumer (PIR),Kraft Paper,Paper and board,6.4,0.3,Post-Consumer (PCR),,,,,,,,,,,,,,83505,75155,4175,835
78,RET0013V,RET0013V : Handy To Have - Reparative Hand Creme 75ml,Lilly,No,Yes,Abroad,Use in the supply chain,Personal Care,Other,Cap / Closure / Lid,154,PP,Plastics,22,0.41,Pre-Consumer (PIR),Kraft Paper,Paper and board,17.6,0.3,Post-Consumer (PCR),,,,,,,,,,,,,,21178,19060,1059,212
79,RET0014V,RET0014V : Clean Me Up - Gentle Hand Wash 300ml,Mike,Yes,No,United Kingdom,Single use by the consumer,Personal Care,Other,Cap / Closure / Lid,200,PP,Plastics,5,0.7,Pre-Consumer (PIR),Kraft Paper,Paper and board,4,0,,,,,,,,,,,,,,,95571,86014,4779,956
80,RET0017V,RET0017V : Mini Squeaky Clean - Invigorating Body Wash 75ml,John,Yes,No,United Kingdom,Use in the supply chain,Personal Care,Other,Cap / Closure / Lid,208,PP,Plastics,24,0,,,,,,,,,,,,,,,,,,,,14176,12758,709,142
81,RET0018V,RET0018V : Mini Softly Does It - Hydrating Body Lotion 75ml,Jennifer,No,Yes,United Kingdom,Single use by the consumer,Personal Care,Other,Cap / Closure / Lid,446,PP,Plastics,28,0.64,Pre-Consumer (PIR),Aluminium Lining,Aluminium,22.4,0,,,,,,,,,,,,,,,72798,65518,3640,728
82,RET0020V,RET0020V : Organic Voyager - Body & Hair Set,Lilly,Yes,No,United Kingdom,Use in the supply chain,Personal Care,Other,Cap / Closure / Lid,487,PP,Plastics,18,0.48,Pre-Consumer (PIR),Aluminium Lining,Aluminium,14.4,0,,,,,,,,,,,,,,,49916,44924,2496,499
83,RET0023V,RET0023V : Mini Silky By Nature - Nourishing Shampoo 75ml,Lilly,Yes,No,United Kingdom,Single use by the consumer,Personal Care,Other,Cap / Closure / Lid,333,PP,Plastics,10,0.52,Pre-Consumer (PIR),Aluminium Lining,Aluminium,8,0,,,,,,,,,,,,,,,86007,77406,4300,860
84,RET0024V,RET0024V : Mini Forget Me Knot - Smoothening Conditioner 75m,Jennifer,Yes,No,Abroad,Use in the supply chain,Personal Care,Other,Cap / Closure / Lid,179,PP,Plastics,21,0.1,Pre-Consumer (PIR),Aluminium Lining,Aluminium,16.8,0,,,,,,,,,,,,,,,31509,28358,1575,315
85,RET0028V,RET0028V : Angelicus Serratus - Nourishing Body Oil 100ml,Jennifer,No,Yes,United Kingdom,Use in the supply chain,Personal Care,Other,Cap / Closure / Lid,35,PP,Plastics,24,0.07,Pre-Consumer (PIR),Aluminium Lining,Aluminium,19.2,0,,,,,,,,,,,,,,,63410,57069,3171,634
86,RET0030V,RET0030V : Time To Shine - Gentle Body Polish 200ml,Jennifer,No,Yes,United Kingdom,Use in the supply chain,Personal Care,Other,Cap / Closure / Lid,158,LDPE,Plastics,26,0.42,Pre-Consumer (PIR),Aluminium Lining,Aluminium,20.8,0,,,,,,,,,,,,,,,6999,6299,350,70
87,RET0036V,RET0036V : Invigorating Seaweed Soap 150g,Jennifer,No,Yes,United Kingdom,Use in the supply chain,Personal Care,Other,Cap / Closure / Lid,392,LDPE,Plastics,12,0.33,Pre-Consumer (PIR),Aluminium Lining,Aluminium,9.6,0,,,,,,,,,,,,,,,9070,8163,454,91
88,RET003V,RET003V : Lazy Days - Org Seaweed Bath,Lilly,Yes,No,Abroad,Use in the supply chain,Personal Care,Other,Cap / Closure / Lid,431,LDPE,Plastics,17,0.29,Pre-Consumer (PIR),Aluminium Lining,Aluminium,13.6,0,,,,,,,,,,,,,,,44236,39812,2212,442
89,RET015V,RET015V : Exfoliating Body Brush & GOTS Pouch,Robert,No,Yes,United Kingdom,Single use by the consumer,Personal Care,Other,Cap / Closure / Lid,168,LDPE,Plastics,18,0.65,Pre-Consumer (PIR),Aluminium Lining,Aluminium,14.4,0,,,,,,,,,,,,,,,48902,44012,2445,489
90,RET018V,RET018V : Cleanest Touch - Hand Cleanser 300ml,Robert,Yes,No,United Kingdom,Single use by the consumer,Personal Care,Other,Cap / Closure / Lid,266,LDPE,Plastics,4,0.81,Pre-Consumer (PIR),Aluminium Lining,Aluminium,3.2,0,,,,,,,,,,,,,,,94027,84624,4701,940
91,RET019V,RET019V : Cleanest Touch - Hand Cleanser 50ml,Lilly,No,Yes,Abroad,Single use by the consumer,Personal Care,Other,Cap / Closure / Lid,485,LDPE,Plastics,11,0.85,Pre-Consumer (PIR),Aluminium Lining,Aluminium,8.8,0,,,,,,,,,,,,,,,71033,63930,3552,710
92,RET027V,RET027V : Org Facial Cloths (pk 3) & Cotton Pouch GOTS,John,Yes,No,Abroad,Single use by the consumer,Personal Care,Other,Cap / Closure / Lid,305,PHA,Plastics,1,0.8,Pre-Consumer (PIR),PLA Sheet,Other bio-based substance,0.2,0,,,,,,,,,,,,,Industrially Compostable,,99204,89284,4960,992
93,RET034V/ SPA034V,RET034VSPA034V : Essence Oil 10ml CS,Mike,No,Yes,United Kingdom,Single use by the consumer,Personal Care,Other,Cap / Closure / Lid,98,PHA,Plastics,22,0.19,Pre-Consumer (PIR),PLA Sheet,Other bio-based substance,4.4,0,,,,,,,,,,,,,Industrially Compostable,,9676,8708,484,97
94,RET205V,RET205V : Refill 100ml - African Lime & Clove,Jennifer,No,Yes,United Kingdom,Use in the supply chain,Personal Care,Other,Cap / Closure / Lid,86,PHA,Plastics,13,0.01,Pre-Consumer (PIR),PLA Sheet,Other bio-based substance,2.6,0,,,,,,,,,,,,,Industrially Compostable,,48689,43820,2434,487
95,RET206V,"RET206V : Refill 100ml - Lavender, Rose & Camomile",Lilly,Yes,No,United Kingdom,Single use by the consumer,Personal Care,Other,Cap / Closure / Lid,287,PHA,Plastics,30,0.81,Pre-Consumer (PIR),PLA Sheet,Other bio-based substance,6,0,,,,,,,,,,,,,Industrially Compostable,,92373,83136,4619,924
96,RET207V,RET207V : Refill 100ml - Cedarwood & Bergamot,Mike,No,Yes,Abroad,Single use by the consumer,Personal Care,Other,Cap / Closure / Lid,443,PHA,Plastics,25,0.58,Pre-Consumer (PIR),PLA Sheet,Other bio-based substance,5,0,,,,,,,,,,,,,Industrially Compostable,,2900,2610,145,29
97,RET208V,RET208V : Refill 100ml - Ginger Chai & Mandarin,Mike,No,Yes,Abroad,Use in the supply chain,Personal Care,Other,Cap / Closure / Lid,35,PHA,Plastics,15,0.15,Pre-Consumer (PIR),PLA Sheet,Other bio-based substance,3,0,,,,,,,,,,,,,Industrially Compostable,,90421,81379,4521,904
98,RET209V,RET209V : Refill 100ml - Coconut & Jasmine,Jennifer,No,Yes,United Kingdom,Use in the supply chain,Personal Care,Other,Cap / Closure / Lid,435,LDPE,Plastics,8,0.16,Pre-Consumer (PIR),Kraft Paper,Paper and board,6.4,0,,,,,,,,,,,,,,,88577,79719,4429,886
99,RET210V,"RET210V : Lavender, Rose & Camomile Diffuser 100ml",Mike,No,Yes,United Kingdom,Single use by the consumer,Personal Care,Other,Cap / Closure / Lid,165,LDPE,Plastics,19,0.93,Pre-Consumer (PIR),Kraft Paper,Paper and board,15.2,0,,,,,,,,,,,,,,,94246,84821,4712,942
100,RET211V,RET211V : African Lime & Clove Diffuser 100ml,Lilly,Yes,No,United Kingdom,Use in the supply chain,Personal Care,Other,Cap / Closure / Lid,80,LDPE,Plastics,14,0.13,Pre-Consumer (PIR),Kraft Paper,Paper and board,11.2,0,,,,,,,,,,,,,,,50068,45061,2503,501
101,RET212V,RET212V : Ginger Chai & Mandarin Diffuser 100ml,Jennifer,No,Yes,Abroad,Use in the supply chain,Personal Care,Other,Cap / Closure / Lid,129,LDPE,Plastics,1,0.42,Pre-Consumer (PIR),Kraft Paper,Paper and board,0.8,0,,,,,,,,,,,,,,,68428,61585,3421,684
102,RET213V,RET213V : Cedarwood & Bergamot Diffuser 100ml,Lilly,No,Yes,United Kingdom,Use in the supply chain,Personal Care,Other,Cap / Closure / Lid,115,LDPE,Plastics,4,0.57,Pre-Consumer (PIR),Kraft Paper,Paper and board,3.2,0,,,,,,,,,,,,,,,62188,55969,3109,622
103,RET214V,RET214V : Coconut & Jasmine Diffuser 100ml,John,Yes,No,Abroad,Use in the supply chain,Personal Care,Other,Cap / Closure / Lid,241,LDPE,Plastics,8,0.05,Pre-Consumer (PIR),Kraft Paper,Paper and board,6.4,0,,,,,,,,,,,,,,,15915,14324,796,159
104,RET300S,RET300S : Mini My Little Hero W/SLEEVE - Serum 3 ml,Robert,Yes,No,United Kingdom,Use in the supply chain,Personal Care,Other,Cap / Closure / Lid,72,LDPE,Plastics,11,0.98,Pre-Consumer (PIR),Kraft Paper,Paper and board,8.8,0,,,,,,,,,,,,,,,32722,29450,1636,327
105,RET301V,RET301V : Mini My Little Hero - Serum 5 ml,Mike,No,Yes,United Kingdom,Single use by the consumer,Personal Care,Other,Cap / Closure / Lid,401,LDPE,Plastics,13,0.28,Pre-Consumer (PIR),Kraft Paper,Paper and board,10.4,0,,,,,,,,,,,,,,,14833,13350,742,148
106,RET302V,RET302V : Mini Ritzy Spritzy - Toner 15 ml,Robert,Yes,No,Abroad,Use in the supply chain,Personal Care,Other,Cap / Closure / Lid,165,LDPE,Plastics,10,0.31,Pre-Consumer (PIR),Kraft Paper,Paper and board,8,0,,,,,,,,,,,,,,,15487,13938,774,155
107,RET304V,RET304V : Mini Pearlesque - Moisturiser 15ml,Robert,No,Yes,United Kingdom,Use in the supply chain,Personal Care,Other,Cap / Closure / Lid,108,LDPE,Plastics,26,0.88,Pre-Consumer (PIR),Kraft Paper,Paper and board,20.8,0,,,,,,,,,,,,,,,53095,47786,2655,531
108,RET306V,RET306V : Mini Me Time - Facial Moisturiser 15 ml,Mike,No,Yes,Abroad,Use in the supply chain,Personal Care,Other,Cap / Closure / Lid,151,LDPE,Plastics,2,0.6,Pre-Consumer (PIR),Kraft Paper,Paper and board,1.6,0,,,,,,,,,,,,,,,96633,86970,4832,966
109,RET308V,RET308V : Mini Palmarosa Balm - Serum 5ml,Lilly,Yes,No,United Kingdom,Use in the supply chain,Personal Care,Other,Cap / Closure / Lid,422,LDPE,Plastics,21,0.97,Pre-Consumer (PIR),Kraft Paper,Paper and board,16.8,0,,,,,,,,,,,,,,,21210,19089,1061,212
110,RET310V,RET310V : Even Pure - Light Calming Moisturiser 50ml,Robert,No,Yes,Abroad,Use in the supply chain,Personal Care,Other,Cap / Closure / Lid,154,LDPE,Plastics,7,0.01,Pre-Consumer (PIR),Kraft Paper,Paper and board,5.6,0,,,,,,,,,,,,,,,25538,22984,1277,255
111,RET311V,RET311V : Balancing Act - Soothing Facial Serum 30ml,Mike,Yes,No,United Kingdom,Single use by the consumer,Personal Care,Other,Cap / Closure / Lid,344,LDPE,Plastics,16,0.41,Pre-Consumer (PIR),Kraft Paper,Paper and board,12.8,0,,,,,,,,,,,,,,,79152,71237,3958,792
112,RET312V,RET312V : Porefection - Clarifying Gel Toner 125ml,Jennifer,Yes,No,Abroad,Use in the supply chain,Personal Care,Other,Cap / Closure / Lid,146,LDPE,Plastics,21,0.78,Pre-Consumer (PIR),Kraft Paper,Paper and board,16.8,0,,,,,,,,,,,,,,,19422,17480,971,194
113,RET313V,RET313V : Luminosity - Refining Radiance Exfoliator 50ml,Jennifer,No,Yes,Abroad,Single use by the consumer,Personal Care,Other,Cap / Closure / Lid,274,LDPE,Plastics,8,0.16,Pre-Consumer (PIR),Kraft Paper,Paper and board,6.4,0,,,,,,,,,,,,,,,62481,56233,3124,625
114,RET314V,RET314V : Cast Away - Cleansing Facial Wash 125ml,Jennifer,No,Yes,United Kingdom,Use in the supply chain,Personal Care,Other,Cap / Closure / Lid,380,LDPE,Plastics,16,0.3,Pre-Consumer (PIR),Kraft Paper,Paper and board,12.8,0,,,,,,,,,,,,,,,48829,43946,2441,488
115,RET315V,RET315V : Dusk To Dawn - Revitalising Night Creme 50ml,Lilly,Yes,No,Abroad,Single use by the consumer,Personal Care,Other,Cap / Closure / Lid,167,LDPE,Plastics,13,0.38,Pre-Consumer (PIR),Kraft Paper,Paper and board,10.4,0,,,,,,,,,,,,,,,61213,55092,3061,612
116,RET316V,RET316V : Get Glowing - Illuminating Clay Mask 50ml,Jennifer,Yes,No,Abroad,Use in the supply chain,Personal Care,Other,Cap / Closure / Lid,109,LDPE,Plastics,12,0.01,Pre-Consumer (PIR),Kraft Paper,Paper and board,9.6,0,,,,,,,,,,,,,,,94721,85249,4736,947
117,RET320V,RET320V : Totally Balmy - Cleansing Balm 100ml,Lilly,No,Yes,Abroad,Single use by the consumer,Personal Care,Other,Cap / Closure / Lid,189,LDPE,Plastics,21,0.11,Pre-Consumer (PIR),Kraft Paper,Paper and board,16.8,0,,,,,,,,,,,,,,,93811,84430,4691,938
118,RET321V,RET321V : My Little Hero - Facial Serum 30ml,Lilly,No,Yes,United Kingdom,Use in the supply chain,Personal Care,Other,Cap / Closure / Lid,225,LDPE,Plastics,19,0.81,Pre-Consumer (PIR),Kraft Paper,Paper and board,15.2,0,,,,,,,,,,,,,,,81283,73155,4064,813
119,RET322V,RET322V : Hydra Veil - Hydrating Mask 50ml,Robert,No,Yes,United Kingdom,Use in the supply chain,Personal Care,Other,Cap / Closure / Lid,164,HDPE,Plastics,24,0.56,Pre-Consumer (PIR),PP,Plastics,4.8,0,,,,,,,,,,,,,,,11427,10284,571,114
120,RET323V,RET323V : Love A Scrub - Facial Scrub 125ml,John,No,Yes,United Kingdom,Use in the supply chain,Personal Care,Other,Cap / Closure / Lid,455,HDPE,Plastics,18,1,Pre-Consumer (PIR),PP,Plastics,3.6,0,,,,,,,,,,,,,,,20191,18172,1010,202
121,RET324V,RET324V : Pearlesque - Hydrating Moisturiser 50ml,Mike,No,Yes,Abroad,Single use by the consumer,Personal Care,Other,Cap / Closure / Lid,159,HDPE,Plastics,24,0.93,Pre-Consumer (PIR),PP,Plastics,4.8,0,,,,,,,,,,,,,,,33860,30474,1693,339
122,RET325V,RET325V : Dream Creme - Restorative Night Creme 50ml,Jennifer,No,Yes,Abroad,Use in the supply chain,Personal Care,Other,Cap / Closure / Lid,491,HDPE,Plastics,3,0.58,Pre-Consumer (PIR),PP,Plastics,0.6,0,,,,,,,,,,,,,,,29373,26436,1469,294
123,RET3260V,RET3260V : *New* Facial Skincare Kit Dry/Dehydrated Skin,Robert,Yes,No,Abroad,Use in the supply chain,Personal Care,Other,Cap / Closure / Lid,406,HDPE,Plastics,14,0.41,Pre-Consumer (PIR),PP,Plastics,2.8,0,,,,,,,,,,,,,,,20001,18001,1000,200
124,RET331V,RET331V : Cleanse & Mend - Facial Cleansing Milk 125ml,John,No,Yes,United Kingdom,Use in the supply chain,Personal Care,Other,Cap / Closure / Lid,325,HDPE,Plastics,20,0.22,Pre-Consumer (PIR),PP,Plastics,4,0,,,,,,,,,,,,,,,3707,3336,185,37
125,RET332V,RET332V : Ritzy Spritzy - Facial Spritz 125ml,Jennifer,Yes,No,Abroad,Use in the supply chain,Personal Care,Other,Cap / Closure / Lid,289,HDPE,Plastics,8,0.37,Pre-Consumer (PIR),PP,Plastics,1.6,0,,,,,,,,,,,,,,,69773,62796,3489,698
126,RET333V,RET333V : Radiance - Illuminating Exfoliating Gel 50ml,John,No,Yes,Abroad,Use in the supply chain,Personal Care,Other,Cap / Closure / Lid,308,HDPE,Plastics,23,0.03,Pre-Consumer (PIR),PP,Plastics,4.6,0,,,,,,,,,,,,,,,47319,42587,2366,473
127,RET334V,RET334V : Visage - Awakening Eye Mask 15ml,Jennifer,Yes,No,United Kingdom,Use in the supply chain,Personal Care,Other,Cap / Closure / Lid,476,HDPE,Plastics,28,0.73,Pre-Consumer (PIR),PP,Plastics,5.6,0,,,,,,,,,,,,,,,1083,975,54,11
128,RET335V,RET335V : Maskerade - Facial Mask 50ml,John,Yes,No,United Kingdom,Single use by the consumer,Personal Care,Other,Cap / Closure / Lid,458,HDPE,Plastics,17,0.26,Pre-Consumer (PIR),PP,Plastics,3.4,0,,,,,,,,,,,,,,,21649,19484,1082,216
129,RET336V,RET336V : Me Time - Soothing Moisturiser 50ml,Mike,Yes,No,United Kingdom,Use in the supply chain,Personal Care,Other,Cap / Closure / Lid,270,HDPE,Plastics,25,0.9,Pre-Consumer (PIR),PP,Plastics,5,0,,,,,,,,,,,,,,,30232,27209,1512,302
130,RET337V,RET337V : Bright Eyes - Regenerating Eye Creme 15ml,Jennifer,No,Yes,United Kingdom,Single use by the consumer,Personal Care,Other,Cap / Closure / Lid,198,HDPE,Plastics,3,0.44,Pre-Consumer (PIR),PP,Plastics,0.6,0,,,,,,,,,,,,,,,4038,3634,202,40
131,RET338V,RET338V : Palmarosa Balm - Facial Serum 30ml,Mike,No,Yes,United Kingdom,Single use by the consumer,Personal Care,Other,Cap / Closure / Lid,487,HDPE,Plastics,6,0.39,Pre-Consumer (PIR),,,,,,,,,,,,,,,,,,,45188,40669,2259,452
132,RET339V,RET339V : Mini Cleanse & Mend - Cleanser 50ml,Mike,No,Yes,United Kingdom,Use in the supply chain,Personal Care,Other,Cap / Closure / Lid,359,HDPE,Plastics,22,0.13,Pre-Consumer (PIR),,,,,,,,,,,,,,,,,,,86003,77403,4300,860
133,RET340V,RET340V : Facial Skincare Kit Normal/Sensitive Skin,John,No,Yes,Abroad,Use in the supply chain,Personal Care,Other,Cap / Closure / Lid,456,HDPE,Plastics,11,0.18,Pre-Consumer (PIR),,,,,,,,,,,,,,,,,,,12117,10905,606,121
134,RET402V,RET402V : True Tranquil - Relaxing Body Wash 200ml,Jennifer,Yes,No,United Kingdom,Single use by the consumer,Personal Care,Other,Cap / Closure / Lid,38,HDPE,Plastics,6,0.1,Pre-Consumer (PIR),,,,,,,,,,,,,,,,,,,5352,4817,268,54
135,RET406V,RET406V : Mama Oil - S/Mark Minimizing Body Oil 100ml CS,John,Yes,No,United Kingdom,Use in the supply chain,Personal Care,Other,Cap / Closure / Lid,36,HDPE,Plastics,27,0.22,Pre-Consumer (PIR),,,,,,,,,,,,,,,,,,,12549,11294,627,125
136,RET407V,RET407V : Mama Care - S/Mark Minimizing Body Cream 200ml CS,Robert,No,Yes,Abroad,Single use by the consumer,Personal Care,Other,Cap / Closure / Lid,48,HDPE,Plastics,5,0.17,Pre-Consumer (PIR),,,,,,,,,,,,,,,,,,,2823,2541,141,28
137,RET4280V,RET4280V : Mindful Dreams - Relaxing Body Oil 100ml,Jennifer,Yes,No,United Kingdom,Single use by the consumer,Personal Care,Other,Cap / Closure / Lid,280,HDPE,Plastics,25,0.72,Pre-Consumer (PIR),,,,,,,,,,,,,,,,,,,13586,12227,679,136
138,RET429V,RET429V : Moonlight Moments 50ml CS,Mike,Yes,No,United Kingdom,Use in the supply chain,Personal Care,Other,Cap / Closure / Lid,89,HDPE,Plastics,22,0.73,Pre-Consumer (PIR),,,,,,,,,,,,,,,,,,,11873,10686,594,119
139,RET431V,RET431V : Original Aroma 50ml CS,Lilly,Yes,No,Abroad,Use in the supply chain,Personal Care,Other,Cap / Closure / Lid,242,HDPE,Plastics,22,0.49,Pre-Consumer (PIR),,,,,,,,,,,,,,,,,,,20657,18591,1033,207
140,RET4360V,RET4360V : Effervescence - Nourishing Sugar Scrub 250g CS,John,No,Yes,Abroad,Use in the supply chain,Personal Care,Other,Cap / Closure / Lid,64,HDPE,Plastics,7,0.88,Pre-Consumer (PIR),,,,,,,,,,,,,,,,,,,33648,30283,1682,336
141,RET528v,RET528V : Serenergise - Muscle Relaxing Body Oil 100ml,Lilly,Yes,No,Abroad,Single use by the consumer,Personal Care,Other,Cap / Closure / Lid,38,HDPE,Plastics,17,0.59,Pre-Consumer (PIR),,,,,,,,,,,,,,,,,,,21784,19606,1089,218
142,RET529V,RET529V : Feel The Heat - Muscle Warming Arnica Gel 100ml,Robert,No,Yes,United Kingdom,Use in the supply chain,Personal Care,Other,Cap / Closure / Lid,291,HDPE,Plastics,24,0.85,Pre-Consumer (PIR),,,,,,,,,,,,,,,,,,,61075,54968,3054,611
143,RET610V,RET610V : Mens Rejuvenating Moisturiser 50ml CS,Robert,No,Yes,Abroad,Use in the supply chain,Personal Care,Other,Cap / Closure / Lid,58,HDPE,Plastics,1,0.85,Pre-Consumer (PIR),,,,,,,,,,,,,,,,,,,76206,68585,3810,762
144,RET613V,RET613V : Mens Energizing Body Wash 200ml CS,John,Yes,No,United Kingdom,Single use by the consumer,Personal Care,Other,Cap / Closure / Lid,309,HDPE,Plastics,12,0.77,Pre-Consumer (PIR),,,,,,,,,,,,,,,,,,,3567,3210,178,36
145,RET614V,RET614V : Mens Invigorating Facial Wash 125ml CS,John,Yes,No,United Kingdom,Use in the supply chain,Personal Care,Other,Cap / Closure / Lid,453,HDPE,Plastics,19,0.1,Pre-Consumer (PIR),,,,,,,,,,,,,,,,,,,26950,24255,1348,270
146,RET615V,RET615V : Mens Cooling Shave Gel 125ml CS,John,Yes,No,Abroad,Use in the supply chain,Personal Care,Other,Cap / Closure / Lid,376,HDPE,Plastics,21,0.18,Pre-Consumer (PIR),,,,,,,,,,,,,,,,,,,23229,20906,1161,232
147,RET700,RET700 : Room Spray - Cedarwood & Bergamot 100ml,Robert,Yes,No,United Kingdom,Single use by the consumer,Personal Care,Other,Cap / Closure / Lid,380,HDPE,Plastics,5,0.4,Pre-Consumer (PIR),,,,,,,,,,,,,,,,,,,76774,69097,3839,768
148,RET701,RET701 : Room Spray - African Lime & Clove 100ml,Mike,No,Yes,Abroad,Single use by the consumer,Personal Care,Other,Cap / Closure / Lid,129,HDPE,Plastics,29,0.28,Pre-Consumer (PIR),,,,,,,,,,,,,,,,,,,34893,31404,1745,349
149,RET702,RET702 : Room Spray - Coconut & Jasmine 100ml,Jennifer,Yes,No,Abroad,Single use by the consumer,Personal Care,Other,Cap / Closure / Lid,384,PP,Plastics,7,0.11,Pre-Consumer (PIR),,,,,,,,,,,,,,,,,,,86326,77693,4316,863
150,RET710V,RET710V : Pillow Heaven - Relaxing Sleep Spray 10ml,Lilly,No,Yes,Abroad,Use in the supply chain,Personal Care,Other,Cap / Closure / Lid,300,PP,Plastics,3,0.84,Pre-Consumer (PIR),,,,,,,,,,,,,,,,,,,95229,85706,4761,952
151,SAM0001V,SAM0001V : Softly Does It - Hydrating Body Lotion 5ml,Jennifer,No,Yes,United Kingdom,Single use by the consumer,Personal Care,Other,Cap / Closure / Lid,189,PP,Plastics,10,0.09,Pre-Consumer (PIR),,,,,,,,,,,,,,,,,,,60763,54687,3038,608
152,SAM0007V,SAM0007V : Silky By Nature - Nourishing Shampoo 4ml,Jennifer,Yes,No,Abroad,Use in the supply chain,Personal Care,Other,Cap / Closure / Lid,310,PP,Plastics,29,0.97,Pre-Consumer (PIR),,,,,,,,,,,,,,,,,,,23788,21409,1189,238
153,SAM0013V,SAM0013V : Handy to Have - Reparative Hand Creme 2ml,Mike,No,Yes,Abroad,Use in the supply chain,Personal Care,Other,Cap / Closure / Lid,101,PP,Plastics,27,0.34,Pre-Consumer (PIR),,,,,,,,,,,,,,,,,,,41081,36973,2054,411
154,SAM0028V,SAM0028V : Angelicus Serratus - Nourishing Body Oil 2ml,Lilly,No,Yes,Abroad,Use in the supply chain,Personal Care,Other,Cap / Closure / Lid,214,PP,Plastics,10,0.21,Pre-Consumer (PIR),,,,,,,,,,,,,,,,,,,63739,57365,3187,637
155,SAM310V,SAM310V : Even Pure Light Calming Moisturiser 2ml,John,No,Yes,Abroad,Single use by the consumer,Personal Care,Other,Cap / Closure / Lid,455,PP,Plastics,22,0.91,Pre-Consumer (PIR),,,,,,,,,,,,,,,,,,,15514,13963,776,155
156,SAM311V,SAM311V : Balancing Act Soothing Facial Serum 2ml,Jennifer,No,Yes,Abroad,Use in the supply chain,Personal Care,Other,Cap / Closure / Lid,426,PP,Plastics,21,0.23,Pre-Consumer (PIR),,,,,,,,,,,,,,,,,,,18670,16803,934,187
157,SAM313V,SAM313V : Luminosity Refining Radiance Exfoliator 2ml,Jennifer,No,Yes,United Kingdom,Single use by the consumer,Personal Care,Other,Cap / Closure / Lid,135,PP,Plastics,10,0.79,Pre-Consumer (PIR),,,,,,,,,,,,,,,,,,,97349,87614,4867,973
158,SAM315V,SAM315V : Dusk To Dawn Revitalising Night Cream 2ml,John,No,Yes,United Kingdom,Use in the supply chain,Personal Care,Other,Cap / Closure / Lid,88,PP,Plastics,21,0.43,Pre-Consumer (PIR),,,,,,,,,,,,,,,,,,,49681,44713,2484,497
159,SAM321V,SAM321V : My Little Hero Facial Serum 2ml,Jennifer,No,Yes,Abroad,Single use by the consumer,Personal Care,Other,Cap / Closure / Lid,390,PP,Plastics,10,1,Pre-Consumer (PIR),,,,,,,,,,,,,,,,,,,62935,56642,3147,629
160,SAM323V,SAM323V : Love A Scrub Facial Scrub 2ml,Lilly,Yes,No,United Kingdom,Use in the supply chain,Personal Care,Other,Cap / Closure / Lid,130,PP,Plastics,9,0.89,Pre-Consumer (PIR),,,,,,,,,,,,,,,,,,,3882,3494,194,39
161,SAM324V,SAM324V : Pearlesque Hydrating Moisturiser 2ml,John,Yes,No,United Kingdom,Single use by the consumer,Personal Care,Other,Cap / Closure / Lid,431,PP,Plastics,11,1,Pre-Consumer (PIR),,,,,,,,,,,,,,,,,,,18541,16687,927,185
162,SAM331V,SAM331V : Cleanse and Mend 2ml,Jennifer,Yes,No,United Kingdom,Use in the supply chain,Personal Care,Other,Cap / Closure / Lid,213,PP,Plastics,11,0.69,Pre-Consumer (PIR),,,,,,,,,,,,,,,,,,,79775,71798,3989,798
163,SAM335V,SAM335V : Maskerade Facial Mask 2ml,John,Yes,No,Abroad,Use in the supply chain,Personal Care,Other,Cap / Closure / Lid,300,PP,Plastics,14,0.83,Pre-Consumer (PIR),,,,,,,,,,,,,,,,,,,29627,26664,1481,296
164,SAM336V,SAM336V : Me Time Moisturiser 2ml,Mike,Yes,No,United Kingdom,Use in the supply chain,Personal Care,Other,Cap / Closure / Lid,163,PP,Plastics,27,0.34,Pre-Consumer (PIR),,,,,,,,,,,,,,,,,,,39843,35859,1992,398
165,SAM337V,SAM337V : Bright Eyes 2ml,Lilly,Yes,No,Abroad,Use in the supply chain,Personal Care,Other,Cap / Closure / Lid,299,PP,Plastics,1,0.04,Pre-Consumer (PIR),,,,,,,,,,,,,,,,,,,40225,36203,2011,402
166,SAM338V,SAM338V : Palmarosa Balm 2ml,Mike,No,Yes,United Kingdom,Single use by the consumer,Personal Care,Other,Cap / Closure / Lid,101,PP,Plastics,27,0.75,Pre-Consumer (PIR),,,,,,,,,,,,,,,,,,,17650,15885,883,177
167,SAM610V,SAM610V : Mens Rejuvenating Moisturiser 2ml CS,John,Yes,No,United Kingdom,Use in the supply chain,Personal Care,Other,Cap / Closure / Lid,275,PP,Plastics,11,0.94,Pre-Consumer (PIR),,,,,,,,,,,,,,,,,,,74170,66753,3709,742
168,SAM613V,SAM613V : Mens Energizing Body Wash 2ml CS,John,Yes,No,United Kingdom,Use in the supply chain,Personal Care,Other,Cap / Closure / Lid,416,PP,Plastics,9,0.45,Pre-Consumer (PIR),,,,,,,,,,,,,,,,,,,61774,55597,3089,618
169,SAM615V,SAM615V : Mens Cooling Shave Gel 2ml CS,Mike,No,Yes,Abroad,Use in the supply chain,Personal Care,Other,Cap / Closure / Lid,482,PP,Plastics,26,0.13,Pre-Consumer (PIR),,,,,,,,,,,,,,,,,,,11178,10060,559,112
170,SEAOR/DTX_EU,SEAOR : Orplex Body Dietary Supplements EU,Robert,No,Yes,United Kingdom,Single use by the consumer,Personal Care,Other,Cap / Closure / Lid,331,PP,Plastics,17,0.14,Pre-Consumer (PIR),,,,,,,,,,,,,,,,,,,26989,24290,1349,270
171,SEAOR/DTX_US,SEAOR : Orplex Body Dietary Supplements US,Mike,No,Yes,United Kingdom,Use in the supply chain,Personal Care,Other,Cap / Closure / Lid,308,PP,Plastics,23,0.39,Pre-Consumer (PIR),,,,,,,,,,,,,,,,,,,88121,79309,4406,881
172,SEAOR/HSN_EU,"SEAOR : Hair, Skin & Nails Dietary Supplements EU",Mike,No,Yes,United Kingdom,Use in the supply chain,Personal Care,Other,Cap / Closure / Lid,455,PP,Plastics,15,0.11,Pre-Consumer (PIR),,,,,,,,,,,,,,,,,,,93128,83815,4656,931
173,SEAOR/HSN_US,"SEAOR : Hair, Skin & Nails Dietary Supplements US",John,Yes,No,United Kingdom,Use in the supply chain,Personal Care,Other,Cap / Closure / Lid,137,PP,Plastics,18,0.89,Pre-Consumer (PIR),,,,,,,,,,,,,,,,,,,84599,76139,4230,846
174,SETANT,SETANT : Antioxidant Warrior Set,Robert,Yes,No,Abroad,Single use by the consumer,Personal Care,Other,Cap / Closure / Lid,82,PP,Plastics,13,0.53,Pre-Consumer (PIR),,,,,,,,,,,,,,,,,,,32239,29015,1612,322
175,SETBODY,SETBODY : Body Concentrate Set,Jennifer,No,Yes,Abroad,Use in the supply chain,Personal Care,Other,Cap / Closure / Lid,65,PP,Plastics,20,0,,,,,,,,,,,,,,,,,,,,9205,8285,460,92
176,SETBRAVE,SETBRAVE : Brave the Day Set,Lilly,Yes,No,Abroad,Single use by the consumer,Personal Care,Other,Cap / Closure / Lid,405,PP,Plastics,1,0.85,Pre-Consumer (PIR),,,,,,,,,,,,,,,,,,,86934,78241,4347,869
177,SETCP,SETCP : Center Parcs Turn Down Set,John,Yes,No,United Kingdom,Single use by the consumer,Personal Care,Other,Cap / Closure / Lid,481,PP,Plastics,16,0.19,Pre-Consumer (PIR),,,,,,,,,,,,,,,,,,,32032,28829,1602,320
178,SETDREAM,SETDREAM : While You Are Sleeping Set,Jennifer,No,Yes,Abroad,Single use by the consumer,Personal Care,Other,Cap / Closure / Lid,20,PP,Plastics,13,0.49,Pre-Consumer (PIR),,,,,,,,,,,,,,,,,,,88610,79749,4431,886
179,SETFACE,SETFACE : Facial Romance Set,Robert,No,Yes,Abroad,Single use by the consumer,Personal Care,Other,Cap / Closure / Lid,13,PP,Plastics,9,0.95,Pre-Consumer (PIR),,,,,,,,,,,,,,,,,,,85327,76794,4266,853
180,SETHOME,SETHOME : Home Spa Retreat Set,John,No,Yes,United Kingdom,Use in the supply chain,Personal Care,Other,Cap / Closure / Lid,58,PP,Plastics,13,0.57,Pre-Consumer (PIR),,,,,,,,,,,,,,,,,,,68565,61709,3428,686
181,SETMAN,SETMAN : MALE GROOMING KIT CS,John,Yes,No,United Kingdom,Use in the supply chain,Personal Care,Other,Container,474,PP,Plastics,23,0.61,Pre-Consumer (PIR),,,,,,,,,,,,,,,,,,,29190,26271,1460,292
182,SETREC,SETREC: Essentials for Muscle Recovery,John,No,Yes,Abroad,Use in the supply chain,Personal Care,Other,Container,337,PP,Plastics,13,0.78,Pre-Consumer (PIR),,,,,,,,,,,,,,,,,,,72400,65160,3620,724
183,SETSCENT,SETSCENT : Little World of Scent Set,Mike,No,Yes,United Kingdom,Use in the supply chain,Personal Care,Other,Container,453,PP,Plastics,1,0.59,Pre-Consumer (PIR),,,,,,,,,,,,,,,,,,,6206,5585,310,62
184,SETSLEEP,SETSLEEP : Sleep On It Set,Mike,No,Yes,Abroad,Use in the supply chain,Personal Care,Other,Container,465,PP,Plastics,24,0.48,Pre-Consumer (PIR),,,,,,,,,,,,,,,,,,,16784,15106,839,168
185,SETVIT,SETVIT : Vitamin Sea Set,Mike,Yes,No,Abroad,Use in the supply chain,Personal Care,Other,Container,58,PP,Plastics,24,0.39,Pre-Consumer (PIR),,,,,,,,,,,,,,,,,,,67665,60899,3383,677
186,SETWELL,SETWELL : Waves of Wellbeing Set,Lilly,No,Yes,United Kingdom,Use in the supply chain,Personal Care,Other,Container,43,PP,Plastics,2,0.08,Pre-Consumer (PIR),,,,,,,,,,,,,,,,,,,55122,49610,2756,551
187,SPA001V,SPA001V : Org Seaweed Bath Trade,Lilly,No,Yes,Abroad,Use in the supply chain,Personal Care,Other,Container,89,PP,Plastics,23,0.7,Pre-Consumer (PIR),,,,,,,,,,,,,,,,,,,75812,68231,3791,758
188,SPA002V,SPA002V : Mermaids Purse - Organic Mask,Robert,Yes,No,Abroad,Use in the supply chain,Personal Care,Other,Container,142,PP,Plastics,16,0.92,Pre-Consumer (PIR),,,,,,,,,,,,,,,,,,,86449,77804,4322,864
189,SPA0036V,SPA0036V : Lavender Sugar Scrub 430g,Lilly,No,Yes,Abroad,Single use by the consumer,Personal Care,Other,Container,209,PP,Plastics,18,1,Pre-Consumer (PIR),,,,,,,,,,,,,,,,,,,79416,71474,3971,794
190,SPA003V,SPA003V : Tangle Me Up - Organic Seaweed Body Wrap,Jennifer,No,Yes,Abroad,Single use by the consumer,Personal Care,Other,Container,146,PP,Plastics,26,0.36,Pre-Consumer (PIR),,,,,,,,,,,,,,,,,,,30482,27434,1524,305
191,SPA004V,SPA004V : Ocean Essence - Organic Seaweed Body Wrap,John,No,Yes,United Kingdom,Single use by the consumer,Personal Care,Other,Container,297,PP,Plastics,6,0.26,Pre-Consumer (PIR),,,,,,,,,,,,,,,,,,,33262,29936,1663,333
192,SPA005V,SPA005V : Fucus Luscious - Organic Salt Glow,Mike,No,Yes,United Kingdom,Use in the supply chain,Personal Care,Other,Container,341,PP,Plastics,25,0.69,Pre-Consumer (PIR),,,,,,,,,,,,,,,,,,,45870,41283,2294,459
193,SPA006V,SPA006V : Angelicus Serratus - Org Nourishing Massage Oil,Mike,No,Yes,United Kingdom,Single use by the consumer,Personal Care,Other,Container,393,PP,Plastics,9,0.02,Pre-Consumer (PIR),,,,,,,,,,,,,,,,,,,21959,19763,1098,220
194,SPA012V,SPA012V : Org Muslin Cotton Sheet GOTS,John,No,Yes,United Kingdom,Single use by the consumer,Personal Care,Other,Container,94,PP,Plastics,24,0.9,Pre-Consumer (PIR),,,,,,,,,,,,,,,,,,,21955,19760,1098,220
195,SPA013V,SPA013V : Org Muslin Cotton Face Cloths GOTS,Robert,No,Yes,Abroad,Use in the supply chain,Personal Care,Other,Container,493,PP,Plastics,29,0.87,Pre-Consumer (PIR),,,,,,,,,,,,,,,,,,,42394,38155,2120,424
196,SPA014V,SPA014V : Organic Seaweed Eye Compress,John,Yes,No,Abroad,Single use by the consumer,Personal Care,Other,Container,85,PP,Plastics,2,0.83,Pre-Consumer (PIR),,,,,,,,,,,,,,,,,,,74590,67131,3730,746
197,SPA015V,SPA015V : Exfoliating Body Brush,Robert,Yes,No,Abroad,Use in the supply chain,Personal Care,Other,Container,399,PP,Plastics,18,0.7,Pre-Consumer (PIR),,,,,,,,,,,,,,,,,,,61354,55219,3068,614
198,SPA016V,SPA016V : Org Seaweed Face Mask Strips,Robert,Yes,No,Abroad,Single use by the consumer,Personal Care,Other,Container,256,PP,Plastics,27,0.24,Pre-Consumer (PIR),,,,,,,,,,,,,,,,,,,10489,9440,524,105
199,SPA030V,SPA030V : Time to Shine - Organic Body Buff,Lilly,No,Yes,Abroad,Use in the supply chain,Personal Care,Other,Container,173,PP,Plastics,8,0.23,Pre-Consumer (PIR),,,,,,,,,,,,,,,,,,,61003,54903,3050,610
200,SPA035V,SPA035V : Peppermint Sugar Scrub,Robert,No,Yes,Abroad,Single use by the consumer,Personal Care,Other,Container,411,PP,Plastics,1,0.4,Pre-Consumer (PIR),,,,,,,,,,,,,,,,,,,43193,38874,2160,432
201,SPA037V,SPA037V : Bladderwrack Organic Body Buff,Lilly,Yes,No,United Kingdom,Use in the supply chain,Personal Care,Other,Container,498,PP,Plastics,13,0.37,Pre-Consumer (PIR),,,,,,,,,,,,,,,,,,,7363,6627,368,74
202,SPA038V,SPA038V : Org Seaweed Leaf Body Strips,Mike,No,Yes,Abroad,Single use by the consumer,Personal Care,Other,Container,404,PP,Plastics,21,0.83,Pre-Consumer (PIR),,,,,,,,,,,,,,,,,,,86857,78171,4343,869
203,SPA048V,SPA048V : Organic Herbal Muslin Bag - Orange & Ginger,Jennifer,No,Yes,United Kingdom,Single use by the consumer,Personal Care,Other,Container,104,PP,Plastics,17,0.24,Pre-Consumer (PIR),,,,,,,,,,,,,,,,,,,69545,62591,3477,695
204,SPA053V,SPA053V : Voya Organic Aroma Bath Salts,John,No,Yes,Abroad,Use in the supply chain,Personal Care,Other,Container,421,PP,Plastics,11,0.31,Pre-Consumer (PIR),,,,,,,,,,,,,,,,,,,75815,68234,3791,758
205,SPA054V,SPA054V : Warm Spiced Mud Wrap,John,No,Yes,United Kingdom,Single use by the consumer,Personal Care,Other,Container,442,PP,Plastics,21,0.22,Pre-Consumer (PIR),,,,,,,,,,,,,,,,,,,546,491,27,5
206,SPA07V,SPA07V : Softly Does It - Hydrating Body Lotion 300ml,John,No,Yes,Abroad,Use in the supply chain,Personal Care,Other,Container,440,PP,Plastics,12,0.86,Pre-Consumer (PIR),,,,,,,,,,,,,,,,,,,51206,46085,2560,512
207,SPA08V,SPA08V : Squeaky Clean - Invigorating Body Wash 300ml,Robert,No,Yes,United Kingdom,Single use by the consumer,Personal Care,Other,Container,469,PP,Plastics,25,0.87,Pre-Consumer (PIR),,,,,,,,,,,,,,,,,,,86094,77485,4305,861
208,SPA10V,SPA10V : Silky By Nature - Nourishing Shampoo 300ml,Mike,Yes,No,Abroad,Use in the supply chain,Personal Care,Other,Container,380,PP,Plastics,7,0.24,Pre-Consumer (PIR),,,,,,,,,,,,,,,,,,,78092,70283,3905,781
209,SPA11V,SPA11V : Forget Me Knot - Smoothening Conditioner 300ml,Robert,No,Yes,Abroad,Use in the supply chain,Personal Care,Other,Container,445,PP,Plastics,15,0.8,Pre-Consumer (PIR),,,,,,,,,,,,,,,,,,,24640,22176,1232,246
210,SPA202V,SPA202V : Oh So Scented - Diffuser Trade Refill 500ml,Mike,No,Yes,Abroad,Use in the supply chain,Personal Care,Other,Container,188,PP,Plastics,24,0.73,Pre-Consumer (PIR),,,,,,,,,,,,,,,,,,,53556,48200,2678,536
211,SPA300V,SPA300V : AHA Peel 100ml,Robert,Yes,No,Abroad,Single use by the consumer,Personal Care,Other,Container,336,PP,Plastics,7,0.4,Pre-Consumer (PIR),,,,,,,,,,,,,,,,,,,19432,17489,972,194
212,SPA310V,SPA310V : Even Pure - Light Calming Moisturiser 50ml,Mike,Yes,No,Abroad,Single use by the consumer,Personal Care,Other,Container,174,PP,Plastics,14,0.35,Pre-Consumer (PIR),,,,,,,,,,,,,,,,,,,98584,88726,4929,986
213,SPA311V,SPA311V : Balancing Act - Soothing Facial Serum 50ml,John,Yes,No,Abroad,Single use by the consumer,Personal Care,Other,Container,472,PP,Plastics,9,0.87,Pre-Consumer (PIR),,,,,,,,,,,,,,,,,,,19172,17255,959,192
214,SPA312V,SPA312V : Porefection - Clarifying Gel Toner 100ml,Mike,No,Yes,United Kingdom,Single use by the consumer,Personal Care,Other,Container,315,PP,Plastics,27,0.79,Pre-Consumer (PIR),,,,,,,,,,,,,,,,,,,93324,83992,4666,933
215,SPA313V,SPA313V : Luminosity - Refining Radiance Exfoliator 100ml,Lilly,Yes,No,Abroad,Use in the supply chain,Personal Care,Other,Container,294,PP,Plastics,14,0.03,Pre-Consumer (PIR),,,,,,,,,,,,,,,,,,,15389,13850,769,154
216,SPA314V,SPA314V : Cast Away - Cleansing Facial Wash 100ml,Mike,No,Yes,Abroad,Use in the supply chain,Personal Care,Other,Container,476,PP,Plastics,2,0.04,Pre-Consumer (PIR),,,,,,,,,,,,,,,,,,,80072,72065,4004,801
217,SPA316V,SPA316V : Get Glowing - Illuminating Clay Mask 250ml,John,Yes,No,United Kingdom,Single use by the consumer,Personal Care,Other,Container,3,PP,Plastics,14,0.42,Pre-Consumer (PIR),,,,,,,,,,,,,,,,,,,97097,87387,4855,971
218,SPA320V,SPA320V : Totally Balmy - Cleansing Balm 250ml,Lilly,No,Yes,Abroad,Use in the supply chain,Personal Care,Other,Container,378,PP,Plastics,8,0.55,Pre-Consumer (PIR),,,,,,,,,,,,,,,,,,,73379,66041,3669,734
219,SPA321V,SPA321V : My Little Hero - Facial Serum 150ml,John,Yes,No,Abroad,Use in the supply chain,Personal Care,Other,Container,329,PP,Plastics,30,0.71,Pre-Consumer (PIR),,,,,,,,,,,,,,,,,,,32868,29581,1643,329
220,SPA322V,SPA322V : Hydra Veil - Hydrating Mask 250ml,Lilly,No,Yes,United Kingdom,Single use by the consumer,Personal Care,Other,Container,457,PP,Plastics,10,0.72,Pre-Consumer (PIR),,,,,,,,,,,,,,,,,,,48621,43759,2431,486
221,SPA323V,SPA323V : Love A Scrub - Facial Scrub 250ml,Mike,No,Yes,United Kingdom,Use in the supply chain,Personal Care,Other,Container,242,PP,Plastics,12,0.28,Pre-Consumer (PIR),,,,,,,,,,,,,,,,,,,30107,27096,1505,301
222,SPA324V,SPA324V : Pearlesque - Hydrating Moisturiser 150ml,Robert,Yes,No,Abroad,Use in the supply chain,Personal Care,Other,Container,152,PP,Plastics,6,0.97,Pre-Consumer (PIR),,,,,,,,,,,,,,,,,,,34704,31234,1735,347
223,SPA331V,SPA331V : Cleanse & Mend - Facial Cleansing Milk 250ml,Lilly,Yes,No,Abroad,Use in the supply chain,Personal Care,Other,Container,135,PP,Plastics,28,0.37,Pre-Consumer (PIR),,,,,,,,,,,,,,,,,,,45498,40948,2275,455
224,SPA332V,SPA332V : Ritzy Spritzy - Facial Spritz 250ml,Jennifer,No,Yes,Abroad,Use in the supply chain,Personal Care,Other,Container,320,PP,Plastics,8,0.62,Pre-Consumer (PIR),,,,,,,,,,,,,,,,,,,82960,74664,4148,830
225,SPA333V,SPA333V : Radiance - Illuminating Exfoliating Gel 100ml,John,No,Yes,United Kingdom,Single use by the consumer,Personal Care,Other,Container,240,PP,Plastics,27,0.45,Pre-Consumer (PIR),,,,,,,,,,,,,,,,,,,50342,45308,2517,503
226,SPA334V,SPA334V : Visage - Awakening Eye Mask 50ml,Mike,Yes,No,United Kingdom,Use in the supply chain,Personal Care,Other,Container,253,PP,Plastics,22,0.62,Pre-Consumer (PIR),,,,,,,,,,,,,,,,,,,81445,73301,4072,814
227,SPA335V,SPA335V : Maskerade - Facial Mask 250ml,John,Yes,No,Abroad,Single use by the consumer,Personal Care,Other,Container,452,PP,Plastics,15,0.07,Pre-Consumer (PIR),,,,,,,,,,,,,,,,,,,2432,2189,122,24
228,SPA336V,SPA336V : Me Time - Soothing Moisturiser 150ml,Jennifer,Yes,No,Abroad,Use in the supply chain,Personal Care,Other,Container,320,PP,Plastics,20,0.59,Pre-Consumer (PIR),,,,,,,,,,,,,,,,,,,4444,4000,222,44
229,SPA337V,SPA337V : Bright Eyes - Regenerating Eye Creme 50ml,Jennifer,No,Yes,United Kingdom,Use in the supply chain,Personal Care,Other,Container,379,PP,Plastics,19,0.77,Pre-Consumer (PIR),,,,,,,,,,,,,,,,,,,31368,28231,1568,314
230,SPA338V,SPA338V : Palmarosa Balm - Facial Serum 150ml,Robert,Yes,No,Abroad,Use in the supply chain,Personal Care,Other,Container,116,PP,Plastics,4,0.73,Pre-Consumer (PIR),,,,,,,,,,,,,,,,,,,42918,38626,2146,429
231,SPA406V,SPA406V : Mama Oil - S/Mark Minimizing Body Oil 500ml CS,Jennifer,Yes,No,Abroad,Use in the supply chain,Personal Care,Other,Container,289,PP,Plastics,29,0.61,Pre-Consumer (PIR),,,,,,,,,,,,,,,,,,,97531,87778,4877,975
232,SPA407V,SPA407V : Mama Care - S/Mark Minimizing Body Cream 250ml CS,Robert,No,Yes,United Kingdom,Single use by the consumer,Personal Care,Other,Container,288,PP,Plastics,1,0.27,Pre-Consumer (PIR),,,,,,,,,,,,,,,,,,,28783,25905,1439,288
233,SPA4280V,SPA4280V : Mindful Dreams - Relaxing Body Oil 500ml,John,Yes,No,Abroad,Single use by the consumer,Personal Care,Other,Container,300,PP,Plastics,11,0.85,Pre-Consumer (PIR),,,,,,,,,,,,,,,,,,,53560,48204,2678,536
234,SPA528V,SPA528V : Serenergise - Muscle Relaxing Body Oil 500ml,Jennifer,No,Yes,Abroad,Use in the supply chain,Personal Care,Other,Container,161,PP,Plastics,20,0.04,Pre-Consumer (PIR),,,,,,,,,,,,,,,,,,,9102,8192,455,91
235,SPA529V,SPA529V : Feel The Heat Muscle Warming Arnica Gel 150ml,Mike,No,Yes,United Kingdom,Single use by the consumer,Personal Care,Other,Container,458,PP,Plastics,23,0.09,Pre-Consumer (PIR),,,,,,,,,,,,,,,,,,,90037,81033,4502,900
236,SPA610V,SPA610V : Mens Rejuvenating Moisturiser 50ml CS,Mike,Yes,No,United Kingdom,Use in the supply chain,Personal Care,Other,Container,478,PP,Plastics,24,0.04,Pre-Consumer (PIR),,,,,,,,,,,,,,,,,,,24693,22224,1235,247
237,SPAQUA,SPAQUA : PACK OF 2 IN ORGANZA BAG,Robert,Yes,No,Abroad,Single use by the consumer,Personal Care,Other,Container,9,PP,Plastics,17,0.33,Pre-Consumer (PIR),,,,,,,,,,,,,,,,,,,29482,26534,1474,295